{"elapsed_tokens": 122670.0, "elapsed_examples": 1102.0, "training_loss": 0.7519598720915472, "training_sequence_accuracy": 0.0, "training_token_accuracy": 0.6111111111111112, "validation_loss": 2.2814677493476525, "validation_sequence_accuracy": 0.0, "validation_token_accuracy": 0.419047619047619, "_timestamp": 1671517290.0164087, "_runtime": 0.6200428009033203, "_step": 551, "fine_tuned_model": "curie:ft-new-york-university-2022-12-20-05-52-28", "status": "succeeded", "_wandb": {"runtime": 1}}