{"elapsed_tokens": 121994.0, "elapsed_examples": 1098.0, "training_loss": 1.3305812276733149, "training_sequence_accuracy": 0.0, "training_token_accuracy": 0.5786802030456852, "validation_loss": 1.5482500882575323, "validation_sequence_accuracy": 0.0, "validation_token_accuracy": 0.3763440860215054, "_timestamp": 1671517297.0824692, "_runtime": 1.3401081562042236, "_step": 549, "fine_tuned_model": "curie:ft-new-york-university-2022-12-20-06-21-16", "status": "succeeded", "_wandb": {"runtime": 1}}